size_kb,seq,random,random_idx
1,1.3125,9.02344,1.96875
2,1.39453,9.26758,2.13281
3,1.36719,11.8125,2.13281
4,1.39453,11.1152,2.13281
5,1.37813,12.4359,2.13281
6,2.78906,11.8945,2.15951
7,1.38281,11.5078,2.13281
8,1.39404,12.2637,2.15332
9,1.38542,11.9219,2.15104
10,1.37813,12.4852,2.14922
11,1.38672,12.185,2.16229
12,1.38086,11.9219,2.14648
13,1.38822,12.3552,2.22115
14,1.39453,12.1286,2.20312
15,1.38906,12.3154,2.1875
16,1.36377,12.0996,2.17383
17,1.37017,12.3915,2.19049
18,1.36719,12.2135,2.20551
19,1.38158,12.486,2.20189
20,1.38633,12.3047,2.21465
21,1.39062,12.1873,2.19531
22,1.37962,12.3867,2.20739
23,1.3767,12.2262,2.20414
24,1.38086,12.0928,2.20785
25,1.38469,12.2981,2.21156
26,1.38191,12.21,2.21484
27,1.37934,12.5964,2.21181
28,1.38281,12.4746,2.20898
29,1.38039,12.3895,2.22333
30,1.38359,12.6109,2.22031
31,1.41305,12.4529,2.27041
32,1.40991,12.6021,2.28149
33,1.4169,12.5135,2.28693
34,1.40901,12.7679,2.27757
35,1.41094,12.9,2.28281
36,1.4082,12.8288,2.27865
37,1.40562,12.9919,2.2879
38,1.40748,12.8746,2.27961
39,1.40915,13.024,2.28005
40,1.41094,12.9321,2.28447
41,1.38853,12.6848,2.24486
42,1.38672,12.793,2.24991
43,1.39253,12.7435,2.23964
44,1.38707,12.8565,2.24094
45,1.39271,12.7823,2.23854
46,1.38383,12.7612,2.23981
47,1.38231,12.8423,2.23404
48,1.3877,12.7832,2.23869
49,1.38616,13.0949,2.28013
50,1.41094,12.8297,2.73984
51,1.40901,12.9319,2.27428
52,1.41031,12.8663,2.27479
53,1.40537,12.5214,2.27211
54,1.40972,12.6722,2.26953
55,1.40497,12.9967,2.27301
56,1.40039,13.0898,2.26758
57,1.39885,13.5769,2.26809
58,1.40302,13.5267,2.27142
59,1.3987,13.6116,2.27178
60,1.4,13.773,2.27227
61,1.40126,13.0362,2.25922
62,1.39453,12.998,2.26777
63,1.39323,12.9427,2.27083
64,1.40222,13.6377,2.26868
65,1.40337,13.6576,2.27668
66,1.40193,13.6693,2.27699
67,1.40065,12.9487,2.26259
68,1.39212,12.751,2.27028
69,1.39334,12.8135,2.26121
70,1.39453,12.9421,2.26406
71,1.39107,13.1458,2.2368
72,1.37858,13.5055,2.24674
73,1.37987,13.6419,2.25862
74,1.38788,13.5307,2.25248
75,1.36281,13.3394,2.22031
76,1.36431,13.3452,2.22564
77,1.36577,12.9865,2.22443
78,1.36298,13.0598,2.25686
79,1.38311,13.5424,2.25742
80,1.38833,13.285,2.27017
81,1.38542,13.2445,2.27662
82,1.39053,13.3851,2.27687
83,1.39157,13.461,2.22369
84,1.36523,13.3574,2.2207
85,1.35496,13.8681,2.25634
86,1.35828,14.0197,2.30637
87,1.3785,14.115,2.29122
88,1.37775,13.6806,2.27264
89,1.39177,13.6448,2.28213
90,1.35803,13.5552,2.275
91,1.38822,13.2692,2.26442
92,1.38561,13.3729,2.30222
93,1.37777,14.1605,2.31275
94,1.37708,14.221,2.31084
95,1.3764,13.9678,2.27442
96,1.35693,14.0273,2.26953
97,1.34971,13.5089,2.2715
98,1.34933,13.9754,2.32027
99,1.38045,14.2304,2.33168
100,1.38633,14.2718,2.33625
101,1.74617,13.955,2.33748
102,1.38327,14.2139,2.34191
103,1.36662,13.7207,2.30802
104,1.36456,13.8838,2.3442
105,1.38594,14.2906,2.27656
106,1.35119,13.8803,2.27985
107,1.38763,14.3869,2.3367
108,1.39149,14.1428,2.44119
109,1.41636,14.7762,2.48803
110,1.44521,14.8014,2.48033
111,1.44552,14.4493,2.49198
112,1.44434,14.8228,2.43604
113,1.41555,14.5696,2.44203
114,1.40748,14.39,2.43356
115,1.41804,14.5031,2.44664
116,1.41575,14.8477,2.50051
117,1.4387,13.8345,2.33894
118,1.37086,14.3861,2.46372
119,1.42279,14.6374,2.48851
120,1.43691,14.0697,2.31602
121,1.36538,14.8117,2.50161
122,1.44563,14.4281,2.50397
123,1.44455,14.795,2.44493
124,1.41702,14.1517,2.45297
125,1.41488,14.2354,2.34281
126,1.38151,14.2617,2.50911
127,1.44427,14.8341,2.61854
128,1.50092,15.295,2.45068
129,1.40785,14.5545,2.44186
130,1.50051,15.2111,2.63131
131,1.44525,14.8633,2.46344
132,1.41815,14.6314,2.50568
133,1.44449,14.9544,2.46587
134,1.41535,14.6309,2.46828
135,1.4158,14.5201,2.4658
136,1.41504,14.5726,2.46697
137,1.41549,14.6171,2.52081
138,1.72382,14.2188,2.37412
139,1.37742,14.2604,2.36651
140,1.37695,14.5957,2.52188
141,1.44398,14.2653,2.37248
142,1.37836,14.5392,2.47134
143,1.41688,14.5213,2.46438
144,1.39339,14.1185,2.37318
145,1.38605,14.3153,2.35003
146,1.36304,14.0745,2.47217
147,1.44531,14.9263,2.47879
148,1.42335,14.7335,2.47643
149,1.4182,14.1556,2.53248
150,1.44484,14.6562,2.47844
151,1.41572,14.8884,2.53045
152,1.44526,14.6545,2.49224
153,1.42188,14.6788,2.53171
154,1.44567,14.4396,2.53232
155,1.44584,14.918,2.53818
156,1.44499,14.5784,2.48197
157,1.37833,14.1188,2.3951
158,1.40907,14.6005,2.34152
159,1.36409,14.2786,2.38252
160,1.3771,14.1401,2.35017
161,1.35629,14.1552,2.34579
162,1.35807,14.3767,2.39815
163,1.37792,14.3922,2.4861
164,1.71365,14.4335,2.39491
165,1.38608,14.3778,2.38236
166,1.38465,14.3574,2.39867
167,1.38616,14.9876,2.40298
168,1.44629,14.1455,2.54102
169,1.38143,13.8531,2.39104
170,1.44472,14.8988,2.53139
171,1.4449,14.9143,2.55688
172,1.45272,14.9354,2.54676
173,1.43768,14.7969,2.53775
174,1.44637,14.6572,2.52128
175,1.43813,14.7637,2.52188
176,1.43741,14.8206,2.53083
177,1.44505,14.8657,2.53509
178,1.44705,14.4854,2.54942
179,1.37666,14.2808,2.53699
180,1.43828,14.8613,2.54844
181,1.44574,14.8961,2.53708
182,1.4369,14.8314,2.53754
183,1.44518,14.7011,2.55238
184,1.44535,14.8209,2.5501
185,1.44464,14.9066,2.39088
186,1.38395,14.8547,2.55091
187,1.44498,14.3225,2.39073
188,1.45213,15.2212,2.57089
189,1.44616,14.4722,2.55295
190,1.44375,14.8908,2.55417
191,1.44564,14.416,2.40768
192,1.41589,14.6631,2.50366
193,1.41536,14.8931,2.55359
194,1.44525,14.9517,2.50576
195,1.41514,14.8792,2.55685
196,1.41629,14.7941,2.49275
197,1.40911,14.5224,2.50424
198,1.41606,14.5891,2.40045
199,1.37679,14.8497,2.56234
200,1.44457,14.3054,2.415
201,1.43902,14.3518,2.41684
202,1.38478,14.6007,2.50642
203,1.41674,14.4246,2.51022
204,1.4082,14.4874,2.49632
205,1.41574,14.1774,2.49615
206,1.40887,14.5936,2.49755
207,1.41633,14.2568,2.40387
208,1.40794,14.3326,2.49641
209,1.41533,14.6392,2.52609
210,1.38516,14.182,2.40703
211,1.37781,14.2999,2.40418
212,1.37751,14.3121,2.40909
213,1.38336,14.8527,2.42088
214,1.3861,14.1584,2.51228
215,1.41552,14.5062,2.35867
216,1.35048,14.5689,2.51335
217,1.41608,14.4095,2.51159
218,1.4156,14.3698,2.56478
219,1.4451,15.0009,2.56582
220,1.41614,14.8656,2.4117
221,1.44538,14.9096,2.56931
222,1.44478,14.5905,2.51341
223,1.4155,14.5949,2.56835
224,1.44507,14.6111,2.521
225,1.41604,14.6869,2.51634
226,1.41629,14.7918,2.51829
227,1.41585,15.119,2.36192
228,1.34992,15.2297,2.57173
229,1.44504,14.8136,2.5333
230,1.41593,14.8855,2.41243
231,1.37926,14.7074,2.53125
232,1.41644,14.6716,2.53307
233,1.37658,14.3368,2.42644
234,1.3847,14.537,2.52332
235,1.41582,14.6986,2.41207
236,1.3556,14.1441,2.53252
237,1.38517,14.4417,2.4284
238,1.38557,14.3948,2.41958
239,1.37771,14.7512,2.42799
240,1.37879,14.5571,2.38506
241,1.37785,14.3422,2.53446
242,1.423,14.4653,2.3816
243,1.35637,14.3396,2.41704
244,1.35755,13.9251,2.43539
245,1.38549,14.3799,2.43013
246,1.38453,15.0757,2.43293
247,1.38556,14.763,2.53799
248,1.3555,14.7259,2.42257
249,1.38564,14.2682,2.43457
250,1.36303,14.5307,2.37956
251,1.35695,13.942,2.4191
252,1.3776,13.7591,2.43034
253,1.38448,14.2196,2.40841
254,1.38484,14.1107,2.41183
255,1.38585,14.2368,2.41267
256,1.39197,14.1965,2.31482
257,1.39166,13.833,2.3524
258,1.378,14.5424,2.53534
259,1.35621,14.1049,2.44383
260,1.39262,14.4659,2.37828
261,1.35713,13.9309,2.39179
262,1.36322,14.281,2.26682
263,1.36365,13.5978,2.45844
264,1.39203,14.6625,2.40687
265,1.37006,14.7532,2.38541
266,1.35691,14.0958,2.4375
267,1.35674,14.1929,2.31162
268,1.39208,14.1033,2.31034
269,1.39179,13.9539,2.3292
270,1.3921,14.048,2.3072
271,1.38454,13.9828,2.32049
272,1.35653,14.4671,2.44887
273,1.42306,14.8143,2.32933
274,1.35681,14.0501,2.32262
275,1.39185,14.0312,2.30702
276,1.39215,14.5136,2.40089
277,1.35633,14.3084,2.3259
278,1.39216,13.8532,2.38068
279,1.39247,14.0465,2.30452
280,1.36348,13.6857,2.31504
281,1.38548,14.2104,2.31848
282,1.38522,13.8313,2.45745
283,1.3554,14.3158,2.37281
284,1.36334,13.7223,2.26915
285,1.39252,13.9689,2.35847
286,1.36469,13.448,2.30204
287,1.39253,13.8521,2.274
288,1.36319,13.4588,2.31453
289,1.38573,13.8533,2.2719
290,1.36342,13.7405,2.45358
291,1.36324,13.7159,2.32281
292,1.38498,13.8431,2.30081
293,1.364,13.4313,2.27112
294,1.39284,14.1228,2.49442
295,1.38424,14.5754,2.31745
296,1.39287,14.111,2.27027
297,1.36331,14.1961,2.30461
298,1.39233,14.1424,2.31725
299,1.36463,13.6973,2.34571
300,1.39288,13.8545,2.26734
301,1.36319,14.0816,2.31648
302,1.3929,13.9975,2.30339
303,1.38451,15.0152,2.31583
304,1.39183,14.0268,2.30605
305,1.39157,14.1384,2.3157
306,1.357,14.2718,2.26792
307,1.35632,13.9581,2.30062
308,1.38388,14.1158,2.25639
309,1.35657,14.1885,2.36323
310,1.36436,14.2591,2.27729
311,1.39321,14.1447,2.32009
312,1.36351,14.224,2.31738
313,1.39112,13.5448,2.27119
314,1.36318,13.6266,2.28223
315,1.35625,13.462,2.32292
316,1.36338,14.2091,2.34568
317,1.35648,14.1699,2.30464
318,1.38524,14.4065,2.31596
319,1.35622,13.8553,2.26602
320,1.38479,13.6767,2.28406
321,1.37126,14.0066,2.26314
322,1.35683,14.3672,2.32745
323,1.42425,14.3496,2.32938
324,1.39301,14.5165,2.32928
325,1.35894,14.3754,2.33019
326,1.36484,14.5316,2.32707
327,1.38675,14.5223,2.333
328,1.39203,14.6331,2.32389
329,1.42369,14.2211,2.30286
330,1.37861,14.4554,2.28443
331,1.34967,14.3002,2.33554
332,1.36389,14.0031,2.33591
333,1.38542,14.4927,2.31264
334,1.36359,14.0735,2.34207
335,1.35951,14.1549,2.33214
336,1.39257,14.2266,2.31885
337,1.39283,14.6162,2.3329
338,1.39356,14.1055,2.3294
339,1.38461,14.5837,2.35156
340,1.3926,14.3941,2.31135
341,1.37745,14.3937,2.27715
342,1.35615,14.19,2.33621
343,1.39286,14.3557,2.31314
344,1.37879,14.1914,2.32931
345,1.38431,14.4613,2.3292
346,1.37746,14.5565,2.34334
347,1.3924,14.2994,2.3153
348,1.35634,14.3286,2.29122
349,1.37737,14.2984,2.33307
350,1.38516,14.5519,2.31797
351,1.37794,14.5114,2.3567
352,1.39219,14.6267,2.28336
353,1.35665,14.2981,2.33406
354,1.35699,14.1882,2.33534
355,1.3846,14.492,2.38884
356,1.37748,14.5002,2.28075
357,1.35662,14.1131,2.34053
358,1.39178,14.4778,2.27992
359,1.36414,14.5613,2.32064
360,1.35761,14.2297,2.32969
361,1.37702,14.4216,2.3296
362,1.37776,14.5653,2.36757
363,1.51091,14.3168,2.34614
364,1.39228,14.2694,2.33427
365,1.38711,14.6591,2.33059
366,1.38512,14.4137,2.33094
367,1.39207,14.117,2.32011
368,1.37804,14.4366,2.28796
369,1.35652,14.189,2.36712
370,1.42291,14.2566,2.31905
371,1.37751,14.2708,2.2805
372,1.3641,14.2695,2.28409
373,1.35735,14.3438,2.3193
374,1.39234,13.9471,2.33109
375,1.38468,14.4826,2.338
376,1.3858,13.9488,2.34444
377,1.38517,14.4897,2.2873
378,1.35763,14.4262,2.33767
379,1.38522,14.5267,2.33583
380,1.3561,14.2303,2.3366
381,1.37795,14.4147,2.28869
382,1.35674,14.0441,2.37504
383,1.3639,14.288,2.326
384,1.38513,14.4623,2.32892
385,1.37727,14.3493,2.32415
386,1.42301,14.5523,2.3245
387,1.3638,14.6825,2.3507
388,1.37762,14.3931,2.32521
389,1.3804,14.4181,2.29434
390,1.35667,14.3353,2.33725
391,1.36285,14.4593,2.338
392,1.36314,14.4074,2.29102
393,1.35633,14.329,2.42879
394,1.37746,14.0003,2.29062
395,1.35653,14.2365,2.37953
396,1.36304,13.681,2.33789
397,1.45301,14.6743,2.34027
398,1.38669,14.5686,2.3517
399,1.38569,13.7566,2.29729
400,1.35762,14.3706,2.34732
401,1.38001,14.5815,2.33656
402,1.42432,14.2436,2.30014
403,1.3642,14.3211,2.33717
404,1.37869,14.4525,2.34561
405,1.38542,14.6088,2.35925
406,1.39372,14.1623,2.2993
407,1.35886,14.4947,2.33557
408,1.35713,14.5276,2.30612
409,1.35863,14.7829,2.34742
410,1.38533,14.5675,2.38891
411,1.38555,13.5569,2.29767
412,1.36467,13.9592,2.3582
413,1.39433,14.6163,2.30561
414,1.35886,14.2096,2.31233
415,1.35716,14.6245,2.36052
416,1.38625,14.5396,2.37141
417,1.35735,15.0131,2.38579
418,1.38079,14.9434,2.3895
419,1.41861,15.037,2.37479
420,1.41758,14.991,2.42656
421,1.40953,14.6916,2.40443
422,2.74513,15.023,2.37463
423,1.38736,14.5593,2.32015
424,1.36435,14.3891,2.35105
425,1.43177,14.109,2.3046
426,1.35794,14.4044,2.36042
427,1.38704,14.4786,2.3107
428,1.36424,14.2466,2.36204
429,1.44712,14.6444,2.31523
430,1.38651,14.489,2.35907
431,1.36465,14.4059,2.34902
432,1.36529,14.251,2.31206
433,1.38487,14.6345,2.35976
434,1.38659,14.5059,2.31237
435,1.42452,14.7818,2.37645
436,1.39265,14.2433,2.31042
437,1.35792,14.7067,2.32127
438,1.38704,14.0251,2.37666
439,1.36519,14.269,2.3193
440,1.38669,14.1243,2.31738
441,1.38579,14.561,2.36868
442,1.36521,14.5158,2.35589
443,1.37916,14.2553,2.31835
444,1.35758,14.4608,2.3693
445,1.38624,13.8882,2.32305
446,1.35811,13.9972,2.35462
447,1.37929,14.1057,2.31706
448,1.35864,14.2134,2.36938
449,1.38704,14.4521,2.32209
450,1.38578,14.5392,2.36214
451,1.38015,14.5743,2.31979
452,1.35823,14.1979,2.32628
453,1.35849,14.5534,2.35917
454,1.42453,14.6326,2.3294
455,1.42391,14.488,2.36358
456,1.37942,14.5382,2.35696
457,1.38645,14.3205,2.38662
458,1.44611,14.555,2.37461
459,1.3654,13.8474,2.36585
460,1.3874,13.6746,2.32648
461,1.36304,13.8101,2.33709
462,1.38672,14.4155,2.35334
463,1.38585,14.3975,2.37873
464,1.38675,14.6496,2.37608
465,1.36472,14.374,2.32757
466,1.38607,14.4731,2.3775
467,1.38628,13.966,2.38891
468,1.39278,13.8727,2.37645
469,1.36532,14.561,2.38398
470,1.37847,15.3796,2.381
471,1.3644,14.3748,2.33658
472,1.42477,14.628,2.34137
473,1.35724,14.228,2.33434
474,1.35749,14.405,2.38237
475,1.38606,14.3356,2.38357
476,1.42416,14.5874,2.37063
477,1.4463,14.4392,2.38286
478,1.36398,14.4265,2.37066
479,1.37894,13.9128,2.33455
480,1.35796,14.1463,2.38164
481,1.37833,14.1513,2.38522
482,1.385,14.3065,2.38673
483,1.38689,14.5961,2.34579
484,1.35792,14.6972,3.7931
485,1.40485,14.1253,2.37772
486,1.40027,14.0716,2.40659
487,1.39334,13.9739,2.34774
488,1.36427,13.9403,2.38024
489,1.3853,14.0648,2.39753
490,1.38649,14.8011,2.3923
491,1.38634,14.6714,2.39244
492,1.38653,14.6512,2.38291
493,1.38571,14.6688,2.38839
494,1.3859,14.5896,2.39518
495,1.38575,14.5774,2.39233
496,1.45341,14.6859,2.39214
497,1.36531,14.2457,2.44839
498,1.3863,14.1535,2.38945
499,1.38615,13.9068,2.40274
500,1.36434,14.6603,2.34445
501,1.3603,14.3131,2.32667
502,1.45336,14.679,2.39525
503,1.45405,14.5445,2.37776
504,1.3981,14.4603,2.38736
505,1.36383,14.418,2.40149
506,1.42598,14.6641,2.43467
507,1.38596,14.2637,2.45091
508,1.3871,14.6109,2.40022
509,1.42402,14.5697,2.46415
510,1.3807,14.5382,2.34223
511,1.378,14.7964,2.38196
512,1.3785,14.475,2.33917
513,1.38542,14.5238,2.37811
514,1.38654,13.8278,2.34731
515,1.36379,14.2486,2.40423
516,1.39294,13.8041,2.4549
517,1.38644,14.4638,2.3816
518,1.3863,14.276,2.39949
519,1.38552,14.6749,2.42079
520,1.39358,14.0346,2.34356
521,1.36414,14.44,2.37906
522,1.36467,14.4413,2.34025
523,1.35736,14.286,2.33734
524,1.38638,13.656,2.36857
525,1.40781,13.7459,2.43187
526,1.39297,14.008,2.4023
527,1.38566,13.7557,2.38249
528,1.39391,13.981,2.47989
529,1.3798,13.8203,2.35393
530,1.39391,25.0344,4.01241
531,2.28915,26.4743,2.40038
532,1.38929,15.0315,2.40697
533,1.94166,14.6705,2.36983
534,1.38716,14.7924,2.5147
535,1.46736,14.255,2.36925
536,1.44626,13.6518,2.39972
537,1.37849,13.8283,2.36287
538,1.39972,14.1841,2.42129
539,1.40047,14.292,2.41863
540,1.37843,14.1258,2.38498
541,1.38559,13.8844,2.3554
542,1.38091,14.189,2.34894
543,1.35842,14.3686,2.38057
544,1.3502,14.0539,2.34845
545,1.38565,14.9291,2.39622
546,1.42428,14.4964,2.34886
547,1.38658,14.6268,2.40395
548,1.38585,14.6414,2.45675
549,1.37913,14.5606,2.39161
550,1.38618,13.8511,2.36697
551,1.38515,13.7452,2.41359
552,1.38472,14.6438,2.41576
553,1.38697,14.5648,2.40754
554,1.44636,14.6732,2.41059
555,1.4541,14.5416,2.40152
556,1.44765,14.6494,2.40369
557,1.37907,14.5088,2.41882
558,1.39336,14.0932,2.43007
559,1.39232,14.3976,2.42542
560,1.38691,14.6613,2.4167
561,1.45375,14.5986,2.36297
562,1.37847,14.1082,2.41861
563,1.37923,14.4258,2.44812
564,1.36399,14.6085,2.40829
565,1.38567,13.9169,2.46297
566,1.3638,13.9856,2.41253
567,1.36429,13.9861,2.40538
568,1.44681,13.5776,2.46585
569,1.39295,14.2936,2.42893
570,1.39309,14.365,2.45691
571,1.39295,14.2703,2.41353
572,1.3865,14.4315,2.46839
573,1.37921,14.6969,2.4094
574,1.38567,14.4269,2.3689
575,1.38269,14.173,2.39788
576,1.35693,14.3258,2.41138
577,1.37989,14.0318,2.41886
578,1.3653,14.4926,2.40502
579,1.45389,17.7751,2.65362
580,1.4528,14.3345,2.40748
581,1.36446,14.1599,2.52391
582,1.35817,14.4524,2.36143
583,1.38623,14.7552,2.40156
584,1.37936,14.6353,2.43818
585,1.39299,14.6509,2.41494
586,1.36429,14.4115,2.41558
587,1.3575,14.5015,2.41538
588,1.37277,14.3281,2.36468
589,1.38548,13.8971,2.40606
590,1.39231,14.1491,2.41394
591,1.38551,14.621,2.40403
592,1.37153,13.8813,2.4105
593,1.38582,14.165,2.36687
594,1.38596,14.6877,2.42034
595,1.38529,13.985,2.3705
596,1.35654,14.4083,2.40616
597,1.37268,14.08,2.38042
598,1.39371,14.2737,2.37644
599,1.36427,14.618,2.40041
600,1.3784,14.2543,2.36059
601,1.42469,14.7654,2.42081
602,1.4316,14.0791,2.44459
603,1.36447,14.629,2.41686
604,1.36438,14.1748,2.42155
605,1.43697,14.1715,2.43653
606,1.36448,14.5003,2.36564
607,1.36466,14.1421,2.38877
608,1.38886,14.2011,2.43557
609,1.45366,14.9472,2.42026
610,1.44698,14.7524,2.47573
611,1.37936,14.5522,2.47839
612,1.39265,14.4286,2.42341
613,1.37968,14.5226,2.52919
614,1.39854,14.6761,2.44036
615,1.36639,14.8238,2.45107
616,1.38841,14.82,2.4636
617,1.4279,14.7574,2.48859
618,1.45665,14.8116,2.49014
619,1.38009,14.5637,2.46995
620,1.42893,14.6397,2.39981
621,1.42768,14.9844,2.53253
622,1.42592,14.9437,2.48362
623,1.44759,14.9824,2.47726
624,1.42634,13.9232,2.48197
625,1.43351,14.2031,2.49874
626,1.38772,14.2103,2.46041
627,1.38786,14.7172,2.50778
628,1.38826,14.512,2.44918
629,1.38006,14.4931,2.48259
630,1.3875,14.818,2.49479
631,1.3892,14.744,2.45574
632,1.46332,14.4422,2.48378
633,1.44935,14.6822,2.93032
634,1.39738,14.4315,2.49846
635,1.36702,14.4949,2.50253
636,1.45799,14.7852,2.51279
637,1.36633,14.7587,2.50601
638,1.36547,14.4506,2.5008
639,1.38105,14.436,2.50715
640,1.36633,14.3265,2.50042
641,1.38928,14.6561,2.64394
642,1.3884,14.5568,2.50361
643,1.42273,15.0754,2.51784
644,1.4195,14.7096,2.46909
645,1.39339,14.7137,2.42406
646,1.43872,14.6696,2.36341
647,1.36448,14.4068,2.38461
648,1.38694,14.5768,2.36346
649,1.42423,14.6155,2.33024
650,1.42356,14.2005,2.36603
651,1.38533,14.5887,2.38886
652,1.36408,14.5384,2.39728
653,1.43134,14.6867,2.3931
654,1.37923,14.4957,2.39898
655,1.38514,14.8155,2.39506
656,1.38577,14.7384,2.40066
657,1.45434,14.5584,2.34857
658,1.45362,14.1929,2.40883
659,1.39242,14.4559,2.40293
660,1.40025,13.781,2.37965
661,1.40284,14.1531,2.40286
662,1.37817,14.4058,2.37023
663,1.36471,13.8693,2.39932
664,1.37897,14.6804,2.31392
665,1.44942,14.8226,2.42072
666,1.37162,14.3478,2.37792
667,1.5934,14.2914,2.35911
668,1.38544,13.8979,2.39634
669,1.364,13.8249,2.45235
670,1.40384,13.9137,2.39164
671,1.39319,14.026,2.3712
672,1.36426,14.1177,2.40381
673,1.38563,14.1779,2.37513
674,1.36434,14.4385,2.3626
675,1.3859,14.5546,2.39191
676,1.38507,14.7285,2.36022
677,1.36412,14.6966,2.41998
678,1.38388,14.7272,2.38907
679,1.44757,15.2532,2.38048
680,1.44809,14.1159,2.39338
681,1.37803,13.4685,2.40023
682,1.39429,14.4072,2.3599
683,1.39249,14.6402,2.35669
684,1.36455,14.5397,2.36715
685,1.36495,14.5898,2.35915
686,1.37875,14.3284,2.34471
687,1.38558,14.6577,2.40458
688,1.36401,14.8333,2.38153
689,1.43584,14.3032,2.3364
690,1.37883,14.6104,2.32826
691,1.37993,14.7485,2.3738
692,1.38576,14.9743,2.41494
693,1.37784,14.6596,2.37453
694,1.37846,14.4217,2.40869
695,1.4022,14.7144,2.426
696,1.38015,14.2532,2.42841
697,1.39253,14.2633,2.36419
698,1.38654,14.564,2.4104
699,1.40239,14.2361,2.41259
700,1.38539,14.3869,2.35922
701,1.39278,14.3603,2.40851
702,1.39406,14.6352,2.34549
703,1.37855,14.4044,2.33514
704,1.4486,14.0152,2.30526
705,1.44607,14.2169,2.36459
706,1.38593,14.1749,2.31291
707,1.38931,14.2762,2.37624
708,1.3804,14.5594,2.39281
709,1.42403,14.5358,2.28808
710,1.44074,14.7783,2.44546
711,1.4461,14.7372,2.39033
712,1.37126,14.3725,2.32752
713,1.43123,13.7092,2.34405
714,1.38556,14.1751,2.36834
715,1.39212,14.8425,2.44992
716,1.38582,14.5977,2.33743
717,1.38504,14.7203,2.37284
718,1.39293,14.3095,2.39307
719,1.3862,14.5381,2.33293
720,1.38587,14.7791,2.38529
721,1.42559,14.3385,2.44706
722,1.37817,16.1586,2.38845
723,1.38579,17.3421,2.41397
724,1.38615,14.8313,2.38117
725,1.45439,14.91,2.42383
726,1.45532,14.8045,2.41235
727,1.38404,14.4292,2.39075
728,1.59059,15.9603,2.44832
729,1.41085,15.1561,2.47714
730,1.38667,14.7665,2.41194
731,1.38724,14.2968,2.46991
732,1.40013,14.0991,2.43046
733,1.3942,14.4773,2.39804
734,1.35698,14.2994,2.36572
735,1.38571,14.8826,2.41853
736,1.4244,14.8786,2.409
737,1.37194,14.4043,2.3621
738,1.36363,14.5418,2.39402
739,1.38443,13.855,2.41321
740,1.40406,14.6874,2.41261
741,1.419,14.4355,2.39164
742,1.39497,14.715,2.42954
743,1.36549,14.8961,2.39602
744,1.38549,14.226,2.39875
745,1.44639,14.667,2.3821
746,1.38705,14.6286,2.41849
747,1.38564,14.7962,2.35003
748,1.37874,14.7994,2.42387
749,1.40121,13.8686,2.39566
750,1.39431,13.9394,2.39466
751,1.36755,14.2804,2.37443
752,1.37773,14.6725,2.3968
753,1.3783,14.2083,2.42107
754,1.38648,13.808,2.37303
755,1.3866,13.8619,2.43551
756,1.39952,14.311,2.39931
757,1.38575,14.4592,2.41998
758,1.38522,14.6234,2.41137
759,1.41971,14.6273,2.41468
760,1.36927,14.6486,2.41647
761,1.37782,14.832,2.46654
762,1.38032,14.4616,2.4717
763,1.3869,14.3831,2.42675
764,1.39324,14.4319,2.43388
765,1.38563,14.3978,2.42577
766,1.3926,14.5718,2.38897
767,1.38544,14.3507,2.42586
768,1.38535,14.3969,2.42633
769,1.39378,14.5546,2.41827
770,1.36513,14.769,2.4718
771,1.45443,14.8075,2.50477
772,1.38518,14.9095,2.40653
773,1.38848,15.0309,2.43823
774,1.38563,15.0079,2.41049
775,1.37834,14.2336,2.41119
776,1.38481,14.6899,2.41823
777,1.45355,14.7369,2.42948
778,1.38694,14.2665,2.42699
779,1.39169,14.3328,2.47842
780,1.38822,14.4794,2.47587
781,1.38581,15.4593,2.42943
782,1.39117,14.5407,2.41667
783,1.46378,14.8398,2.42657
784,1.41211,14.5756,2.42766
785,1.44312,14.1374,2.39698
786,1.3747,14.0445,2.52126
787,1.39297,14.4583,2.4599
788,1.39245,14.45,2.3762
789,1.38569,14.6918,2.40313
790,1.38539,14.8308,2.5195
791,1.38717,15.0112,2.45223
792,1.4024,14.2958,2.51169
793,1.38553,14.2823,2.4688
794,1.38647,14.4532,2.39771
795,1.36409,14.5741,2.40459
796,1.38567,14.4649,2.43105
797,1.38722,14.9851,2.42594
798,1.38528,14.448,2.45888
799,1.38047,14.897,2.57161
800,1.39576,14.5425,2.40987
801,1.393,14.3447,2.43882
802,1.39351,14.497,2.47096
803,1.39218,14.5388,2.42151
804,1.38821,14.8217,2.52379
805,1.3875,14.8531,2.44606
806,1.38842,14.4688,2.43224
807,1.35011,14.0685,2.41662
808,1.45138,14.8982,2.55901
809,1.45365,15.1047,2.46824
810,1.38805,14.5475,2.43886
811,1.39301,14.6651,2.44293
812,1.44686,14.8196,2.44558
813,1.38414,14.9047,2.45065
814,1.38949,14.9529,2.4692
815,1.38698,14.5675,2.44564
816,1.38589,14.5177,2.41469
817,1.39403,14.1266,2.43122
818,1.37829,14.8112,2.45933
819,1.3742,13.9724,2.48478
820,1.38972,13.8555,2.52076
821,1.40562,14.5028,2.51289
822,1.39254,14.6694,2.40805
823,1.38606,14.7852,2.45894
824,1.38,14.6866,2.4697
825,1.39085,14.9691,2.50608
826,1.38818,14.8826,2.5096
827,1.43252,14.8079,2.51688
828,1.3977,14.5621,2.45361
829,1.38058,14.5887,2.52348
830,1.36211,14.0092,2.51589
831,1.38654,14.6932,2.49075
832,1.38901,14.5789,2.513
833,1.41924,15.0725,2.43553
834,1.3902,14.6753,2.43143
835,1.38638,14.9853,2.43147
836,1.41121,14.7491,2.4631
837,1.45324,14.9899,2.42977
838,1.38592,14.0514,2.41924
839,1.38446,13.3307,2.43239
840,1.39316,14.3668,2.47148
841,1.37219,14.1913,2.49937
842,1.5091,14.5538,2.46074
843,1.38607,14.7707,2.40917
844,1.35837,14.794,2.44325
845,1.38822,14.9611,2.45239
846,1.38037,15.0121,2.4941
847,1.38223,15.0812,2.502
848,1.38776,14.9396,2.4501
849,1.40584,14.7907,2.47176
850,1.36751,14.8882,2.45399
851,1.35125,14.3698,2.47829
852,1.38741,14.9041,2.48809
853,1.38674,13.7076,2.49537
854,1.38051,14.4944,2.50378
855,1.39501,14.4788,2.55055
856,1.39511,14.6067,2.4895
857,1.38812,14.9555,2.64874
858,1.38172,14.7195,4.37653
859,1.39023,14.3088,2.49952
860,1.38518,15.1592,2.50443
861,1.38624,14.8577,2.50419
862,1.37835,14.5976,2.49367
863,1.3855,14.8862,2.45238
864,1.37972,14.9527,2.45866
865,1.38837,15.027,2.49394
866,1.40154,14.8244,2.48235
867,1.34562,14.875,2.46169
868,1.42893,14.4662,2.51953
869,1.40274,14.8028,2.51304
870,1.38944,14.7422,2.46565
871,1.40612,14.7344,2.48166
872,1.37892,14.6725,2.45097
873,1.38034,15.0492,2.488
874,1.38533,13.565,2.59215
875,1.39519,14.859,2.49487
876,1.38704,14.9643,2.53435
877,1.46234,18.7744,3.17967
878,1.44685,15.0241,2.53886
879,1.39742,14.7294,2.54344
880,1.39565,14.3225,2.53775
881,1.36743,14.0235,2.50116
882,1.39435,14.6853,2.49089
883,1.39741,14.8405,2.56554
884,1.39416,14.8245,2.50901
885,1.39852,14.8548,2.51878
886,1.41027,14.8751,2.60371
887,1.39055,14.0892,2.50662
888,1.39582,14.5447,2.54297
889,1.39813,14.8079,2.50892
890,1.39066,14.8325,2.50721
891,1.38947,15.2539,2.57031
892,1.38129,14.478,2.48779
893,1.37662,14.1862,2.56658
894,1.40132,14.5386,2.55728
895,1.39371,14.8333,2.56194
896,1.38922,14.8667,2.53491
897,1.42333,15.1475,2.53245
898,1.36859,15.5242,2.53383
899,1.38605,14.7012,2.53065
900,1.38669,14.8055,2.52547
901,1.38188,14.8346,2.54433
902,1.39053,15.1692,2.60354
903,1.39098,14.7173,2.53961
904,1.38038,14.19,2.53317
905,1.39353,15.1755,2.55321
906,1.38837,15.2502,2.54459
907,1.38359,15.0366,2.60221
908,1.39019,14.9906,2.54188
909,1.40166,14.3864,2.55281
910,1.37344,13.9725,2.53792
911,1.39768,15.0001,2.5382
912,1.38284,15.1673,2.54567
913,1.38797,15.205,2.54881
914,1.41302,14.9541,2.56433
915,1.39713,14.9892,2.56475
916,1.3879,15.0341,2.55425
917,1.39856,14.6839,2.61158
918,1.39775,14.8255,2.56549
919,1.39016,14.9345,2.52753
920,1.43448,15.2594,2.53815
921,1.38999,14.8123,2.51954
922,1.38225,15.1822,2.51859
923,1.38822,15.2662,2.58394
924,1.43359,15.3432,2.56587
925,1.38167,14.2121,2.50368
926,1.39701,14.3289,2.50559
927,1.3925,15.1983,2.5089
928,1.38198,14.6839,2.57886
929,1.40027,14.9159,2.56902
930,1.38836,14.8875,2.53327
931,1.37012,14.9207,2.52667
932,1.39224,15.1231,2.60018
933,1.39233,15.1898,2.58209
934,2.63642,14.9444,2.71827
935,1.3962,14.9681,2.5578
936,1.43853,14.1355,2.57136
937,1.46501,15.2492,2.53203
938,1.39348,14.8151,2.54664
939,1.40895,15.3997,2.58237
940,1.4146,15.1941,2.5133
941,1.38329,15.3666,2.73414
942,1.44434,14.9677,2.60218
943,1.40906,14.9283,2.59508
944,1.40409,14.9267,2.5527
945,1.38524,15.355,2.53542
946,1.39089,15.575,2.62275
947,1.38786,15.5153,2.60837
948,1.39245,15.1081,2.59368
949,1.39202,15.3017,2.59786
950,1.38537,15.3438,2.59461
951,1.38582,15.2316,2.59343
952,1.39332,15.4055,2.55693
953,1.39049,13.9701,2.5718
954,1.40674,15.1663,2.59301
955,1.40166,14.7304,2.57741
956,1.40311,15.2552,2.58896
957,1.39702,15.0898,2.54837
958,1.38734,14.9413,2.61695
959,1.39188,15.3055,2.66794
960,1.39094,15.2038,2.571
961,1.3825,15.3341,2.53725
962,1.44177,15.2537,2.59243
963,1.35032,15.0118,2.56418
964,1.38177,15.0129,2.57667
965,1.38306,14.6192,2.52282
966,1.38162,14.5051,2.58628
967,1.46163,16.3755,2.58632
968,1.36945,15.106,2.5389
969,1.38378,15.4305,2.58403
970,1.40908,14.8255,2.57494
971,1.40053,15.0292,2.59915
972,1.40331,14.9449,2.55006
973,1.39158,15.4347,2.54592
974,1.39268,15.129,2.64589
975,1.41666,15.3046,2.73219
976,1.3836,15.4375,2.57037
977,1.41275,15.0051,2.67823
978,1.35846,15.0397,2.57233
979,1.38557,14.531,2.53333
980,1.39218,14.6801,2.55804
981,1.3794,14.4492,2.58118
982,1.40155,15.122,2.61163
983,1.39461,15.3633,2.55023
984,1.38453,15.289,2.62667
985,1.39195,15.3774,2.5782
986,1.36358,15.237,2.62899
987,1.39561,15.4872,2.56616
988,1.3942,15.1834,2.60541
989,1.40142,15.1523,2.58552
990,1.39138,14.8624,2.64886
991,1.39346,15.0371,2.55828
992,1.3899,14.1128,2.71199
993,1.39081,15.1091,2.6136
994,1.40509,15.0297,2.60734
995,1.40929,15.3975,2.58378
996,1.39552,14.3991,2.57707
997,1.38161,13.9216,2.58403
998,1.38368,14.52,2.68796
999,1.39954,15.1023,2.59445
1000,1.40536,15.1738,2.57201
1001,1.39363,15.0801,2.60845
1002,1.40419,15.0843,2.6119
1003,1.39739,15.3991,2.55548
1004,1.39453,15.2139,2.63693
1005,1.46154,15.1465,2.57374
1006,1.41214,15.2397,2.71192
1007,1.472,19.3613,3.46503
1008,1.40674,15.348,2.74089
1009,1.38908,15.3854,2.64045
1010,1.47396,14.6639,2.63588
1011,1.40678,15.2221,2.69932
1012,1.4015,15.5068,2.65402
1013,1.40757,15.3119,2.59585
1014,1.39227,15.6308,2.65412
1015,1.40205,15.5258,2.69952
1016,1.39615,14.7135,2.65487
1017,1.35864,14.9532,2.65839
1018,1.47431,15.4681,2.69817
1019,1.40314,15.3357,2.62854
1020,1.40129,15.5449,2.78745
1021,1.40795,15.5397,2.61889
1022,1.40095,15.6548,2.66449
1023,1.40263,15.7292,2.659
1024,1.37082,15.2734,2.74869
1025,1.40389,15.4861,2.70967
1026,1.4126,14.6268,2.73917
1027,1.40084,15.3666,2.62644
1028,1.38847,15.5973,2.68293
1029,1.39094,15.5552,2.63058
1030,1.43403,15.2185,2.68378
1031,1.4032,15.0928,2.65874
1032,1.40137,15.3584,2.67937
1033,1.36475,15.2673,2.58911
1034,1.40849,15.3867,2.75479
1035,1.4111,15.5168,2.7014
1036,1.40134,15.6114,2.78415
1037,1.39999,15.5116,2.66313
1038,1.41429,15.2852,2.7173
1039,1.40187,15.531,2.67348
1040,1.41914,14.8117,2.70088
1041,1.40375,14.1778,2.7142
1042,1.4128,15.5585,2.66609
1043,1.39571,15.9035,2.67502
1044,1.34817,15.5286,2.61384
1045,1.39288,15.5996,2.7338
1046,1.39704,15.3089,2.67833
1047,1.39696,15.7533,2.67875
1048,1.39985,15.9591,2.69717
1049,1.41525,15.7064,2.7459
1050,1.36187,15.5117,2.71937
1051,1.40163,15.7704,2.80358
1052,1.40685,15.6204,2.71093
1053,1.38246,15.4554,2.6638
1054,1.40231,15.5293,2.77863
1055,1.40813,15.5604,2.72577
1056,1.40292,15.5605,2.68046
1057,1.41913,15.2466,2.65325
1058,1.415,15.331,2.64593
1059,1.41754,15.2981,2.72585
1060,1.4066,14.9031,2.69465
1061,1.40033,15.2284,2.74499
1062,1.40117,15.9046,2.71367
1063,1.40063,15.5477,2.6855
1064,1.40563,15.6188,2.79446
1065,1.36441,15.9822,2.67353
1066,1.41916,15.5615,2.66655
1067,1.36785,15.4583,2.72418
1068,1.39514,15.7462,2.6949
1069,1.39614,14.8898,2.7025
1070,1.42336,15.9774,2.78738
1071,1.41452,15.3482,2.80331
1072,1.39361,15.4332,2.67459
1073,1.40149,15.6573,2.74824
1074,1.40324,15.6307,2.69909
1075,1.39827,15.2951,2.64392
1076,1.43021,15.4138,2.71069
1077,1.42462,15.6389,2.81115
1078,1.36805,14.7731,2.67218
1079,1.40555,15.8029,2.7547
1080,1.40365,15.439,2.70642
1081,1.41403,15.7802,2.78026
1082,1.40105,15.6649,2.67822
1083,1.40415,15.7383,2.67045
1084,1.43131,15.7394,2.77272
1085,1.40323,15.8531,2.71058
1086,1.41251,15.6107,2.8155
1087,1.37348,15.6806,2.7056
1088,1.41217,15.6743,2.68592
1089,1.40259,14.84,2.6705
1090,1.39543,15.7213,2.72449
1091,1.41521,15.7262,2.72936
1092,1.41001,15.6417,2.75105
1093,1.40001,15.7664,2.7709
1094,1.40308,15.4109,2.8357
1095,1.40225,15.7719,2.69302
1096,1.41384,15.8669,2.83801
1097,1.40717,15.5788,2.78966
1098,1.40574,15.7788,2.7656
1099,1.40879,16.1004,2.76189
1100,1.41198,15.6507,2.78026
1101,1.40504,15.3597,2.74019
1102,1.39289,15.4452,2.72743
1103,1.40978,15.5836,2.75322
1104,1.41147,15.7702,2.758
1105,1.41569,15.7193,2.73754
1106,1.41218,15.7453,2.77823
1107,1.43032,15.4531,2.72474
1108,1.41141,16.0848,2.89464
1109,1.40333,15.6661,2.71287
1110,1.39749,15.0556,2.71516
1111,1.42503,15.8764,2.75362
1112,1.40471,14.9629,2.78301
1113,1.41392,15.7364,2.78906
1114,1.3664,15.8581,2.72839
1115,1.42462,15.665,2.7564
1116,1.40409,15.316,2.78259
1117,1.36479,15.6798,2.76497
1118,1.41155,15.5658,2.67093
1119,1.40223,14.8944,2.70197
1120,1.39541,15.7466,2.94932
1121,1.39621,15.8795,2.73959
1122,1.40623,15.9819,2.75397
1123,1.39621,15.6976,2.73588
1124,1.40198,15.4251,2.73856
1125,1.39548,15.2327,2.80292
1126,1.41799,15.8588,2.73326
1127,1.41149,15.6584,2.77509
1128,1.3669,15.908,2.80797
1129,1.40071,16.1133,2.83062
1130,1.40295,16.0799,2.75538
1131,1.40954,15.883,2.75251
1132,1.41207,15.9846,2.85689
1133,1.43428,15.2309,2.76198
1134,1.39786,15.2768,2.7921
1135,1.40487,15.7178,2.73731
1136,1.41562,15.9513,2.8373
1137,1.39951,15.6838,2.7641
1138,1.40563,15.7651,2.71871
1139,1.4286,15.9198,2.77178
1140,1.40403,16.0984,2.878
1141,1.40237,15.9011,2.77655
1142,1.40186,15.2597,2.70416
1143,1.4091,15.9834,2.85337
1144,1.40529,15.9027,2.76325
1145,1.41853,15.9516,2.77746
1146,1.43018,15.6939,2.84031
1147,1.40476,15.7028,2.73943
1148,1.39725,15.9652,2.82093
1149,1.37504,15.7579,2.83761
1150,1.40566,15.3905,2.78221
1151,1.40601,15.7449,2.75557
1152,1.39738,16.1985,2.87351
1153,1.38735,15.7604,2.77
1154,1.41031,16.077,2.7983
1155,1.41435,15.3497,2.82656
1156,1.4029,15.0844,2.77601
1157,1.41318,16.0595,2.72965
1158,1.41323,15.9404,2.81881
1159,1.41414,15.9626,2.7909
1160,1.41235,15.4233,2.71396
1161,1.40365,16.1156,2.83838
1162,1.4054,16.0194,2.82182
1163,1.39841,16.0991,2.79033
1164,1.41116,16.3089,2.90563
1165,1.40826,15.3641,2.72287
1166,1.4328,16.1133,2.72997
1167,1.40754,15.8733,2.81142
1168,1.45676,15.9159,2.86014
1169,1.43081,16.2411,2.86723
1170,1.41108,15.7873,2.7864
1171,1.41422,15.9576,2.71915
1172,1.41301,15.2843,2.78836
1173,1.40621,15.7167,2.81396
1174,1.41479,15.761,2.80304
1175,1.40074,16.0449,2.79297
1176,1.39955,16.1907,2.89244
1177,2.11176,27.9726,5.05876
1178,1.4242,16.5322,2.98683
1179,1.39683,15.4976,2.74718
1180,1.41997,15.2873,2.82466
1181,1.40988,16.0242,2.96757
1182,1.40966,16.0344,2.84084
1183,1.39418,16.2947,2.82082
1184,1.41185,15.1632,2.78643
1185,1.41537,16.0399,2.76331
1186,1.41238,15.9984,2.78049
1187,1.40635,15.8606,2.82707
1188,1.40516,16.1817,2.79901
1189,1.39846,15.2646,2.78078
1190,1.40735,15.5381,2.88557
1191,1.41471,16.1762,2.82088
1192,1.40816,16.0553,2.78892
1193,1.4067,16.0444,2.92301
1194,1.41075,16.2385,2.82671
1195,1.39789,16.0324,2.86073
1196,1.4029,15.781,2.75436
1197,1.41502,15.8984,2.83854
1198,1.40124,15.342,2.7603
1199,1.41102,16.0806,2.77086
1200,1.41518,15.9544,2.79535
1201,1.39801,16.102,2.82731
1202,1.38621,15.5525,2.75958
1203,1.41533,15.8966,2.83052
1204,1.41647,15.907,2.83185
1205,1.40685,20.6863,3.80516
1206,1.40854,16.0554,2.91449
1207,1.36551,15.9033,2.84901
1208,1.48946,16.0438,2.84801
1209,1.40695,16.1658,2.86031
1210,1.36253,16.1398,2.79164
1211,1.41235,20.7663,3.8363
1212,1.42323,16.0335,2.90818
1213,1.40664,15.9875,2.90592
1214,1.38642,16.255,2.7869
1215,1.41013,16.0557,2.81607
1216,1.40856,16.2012,2.79351
1217,1.42614,15.7118,2.7985
1218,1.40638,16.1129,2.80415
1219,1.40967,16.253,2.85461
1220,1.41255,15.957,2.9382
1221,1.41663,15.8677,2.75601
1222,1.42111,16.4037,2.7951
1223,1.40748,15.8479,2.83306
1224,1.3763,16.347,2.88946
1225,1.42192,15.898,2.95781
1226,1.41394,15.8943,2.82466
1227,1.40529,15.9293,2.83198
1228,1.40215,16.158,2.81979
1229,1.42103,15.4613,2.77958
1230,1.41494,16.0542,2.84922
1231,1.41032,16.2437,2.77467
1232,1.40732,16.0122,2.88255
1233,1.4083,15.9115,2.93157
1234,1.41634,16.6369,2.97852
1235,1.48812,16.0917,2.91407
1236,1.40714,16.0947,2.87893
1237,1.41396,16.0585,2.91148
1238,1.40725,16.4793,2.93444
1239,1.41419,16.0318,3.00225
1240,1.4161,16.1661,2.80004
1241,1.42183,16.1968,2.95022
1242,1.37908,16.1197,2.89183
1243,1.40608,16.114,2.8177
1244,1.4159,16.0578,2.84894
1245,1.4145,15.8081,2.79196
1246,1.40362,16.1893,2.76773
1247,1.42236,15.977,2.87419
1248,1.40505,16.2793,2.9618
1249,1.39827,16.117,2.94038
1250,1.40542,16.0607,2.94066
1251,1.35748,16.1785,2.7509
1252,1.43542,16.0764,2.83191
1253,1.39839,16.319,2.82887
1254,1.40866,16.2545,2.87711
1255,1.40022,16.1542,2.83978
1256,1.40681,16.0242,2.88703
1257,1.41926,16.5308,2.81908
1258,1.41422,16.8135,2.85284
1259,1.40763,16.2122,2.81382
1260,1.4237,16.2643,2.90078
1261,1.41398,16.1438,2.92736
1262,1.4165,15.52,2.93284
1263,1.42188,16.4265,2.94897
1264,1.42153,16.3398,2.94664
1265,1.41094,16.2961,2.94534
1266,1.42239,16.4223,2.89818
1267,1.41467,16.2067,2.91376
1268,1.40113,16.255,2.90266
1269,1.42976,16.0547,2.87103
1270,1.40125,16.1949,2.97276
1271,1.40828,16.5065,2.85502
1272,1.40833,16.3378,2.92733
1273,1.40774,16.1164,2.90583
1274,1.40728,16.1817,2.83542
1275,1.42754,16.4396,2.98401
1276,1.37177,16.1703,2.91481
1277,1.42286,16.3221,2.96623
1278,1.41366,16.3143,3.03362
1279,1.36586,16.173,2.85641
1280,1.41581,16.3011,2.86097
1281,1.40945,15.4387,3.02228
1282,1.40067,16.184,2.91435
1283,1.41506,16.3248,2.8108
1284,1.40756,16.327,2.82854
1285,1.40685,16.1358,2.96027
1286,1.40104,16.4209,2.89788
1287,1.42328,15.5236,2.84668
1288,1.41466,15.5322,2.93351
1289,1.42171,16.3575,2.93251
1290,1.40114,16.1272,2.93697
1291,1.36422,16.5027,2.90064
1292,1.40825,15.936,2.95414
1293,1.42441,16.3698,2.96429
1294,1.40112,16.212,2.87845
1295,1.40916,15.8577,2.92323
1296,1.40706,16.2771,2.96958
1297,1.40813,16.0411,2.89241
1298,1.40667,16.3285,2.91571
1299,1.41531,16.3109,2.93102
1300,1.4074,16.3598,2.9843
1301,1.40784,16.4195,2.97305
1302,1.41935,15.6924,2.84476
1303,1.40832,16.5602,2.82835
1304,1.41303,16.5735,2.9486
1305,1.41471,16.2199,2.88763
1306,1.38134,16.4732,2.80577
1307,1.40714,16.5195,2.92576
1308,1.41385,16.5073,2.94359
1309,1.37279,16.1765,2.907
1310,1.40743,16.602,2.94448
1311,1.424,16.6051,2.9779
1312,1.40741,16.4174,2.92024
1313,1.40884,16.174,2.8854
1314,1.41938,16.3198,2.98596
1315,1.42354,16.1456,2.97733
1316,1.41635,16.6439,2.84067
1317,1.40132,16.7815,2.98688
1318,1.43125,16.1092,2.90993
1319,1.42544,16.5978,2.89902
1320,1.40646,16.4797,3.00334
1321,1.43024,15.5667,2.80521
1322,1.41414,16.2074,2.81823
1323,1.40799,16.5756,2.88033
1324,1.37173,16.3836,2.85858
1325,1.40821,16.1964,2.90669
1326,1.39948,15.8096,2.89435
1327,1.40832,16.237,2.8923
1328,1.38119,15.9517,2.81995
1329,1.40175,16.4523,2.834
1330,1.41513,16.6775,2.97113
1331,1.41555,16.319,2.92971
1332,1.40044,16.5299,2.80766
1333,1.39669,15.8518,2.8298
1334,1.42466,16.6528,2.96997
1335,1.42212,16.2913,2.95767
1336,1.41528,16.6248,2.92169
1337,1.4011,16.5402,2.92404
1338,1.41587,16.502,2.91254
1339,1.41432,16.274,2.90424
1340,1.40788,15.9781,2.89987
1341,1.4067,16.4207,2.92083
1342,1.41605,16.6791,2.92207
1343,1.40681,16.3193,2.94482
1344,1.41785,16.3534,2.91602
1345,1.42192,16.4954,2.87896
1346,1.40099,16.4476,2.89559
1347,1.41554,16.6385,3.02194
1348,1.38017,16.3637,2.95276
1349,1.38766,16.5804,3.0312
1350,1.40024,16.037,2.82819
1351,1.4139,16.5857,2.93017
1352,1.40897,16.4436,3.01756
1353,1.40029,16.4407,2.91202
1354,1.40301,16.0753,2.90708
1355,1.41493,16.762,2.95724
1356,1.4001,16.4673,2.93437
1357,1.4311,16.8525,2.98577
1358,1.40782,16.097,3.00447
1359,1.41717,16.5827,3.00455
1360,1.4084,16.6963,2.98413
1361,1.41448,16.4249,2.91515
1362,1.4085,16.7346,2.98083
1363,1.46537,16.3036,2.96612
1364,1.40728,16.3583,2.91151
1365,1.40793,16.1049,2.93089
1366,1.40798,16.3745,2.97775
1367,1.40035,16.4094,3.0387
1368,1.41636,16.4384,2.92734
1369,1.41664,16.7533,2.93647
1370,1.40016,16.3175,2.94462
1371,1.36455,16.2805,2.93075
1372,1.40828,16.5833,2.92945
1373,1.40774,16.4569,2.94165
1374,1.42235,16.4431,2.93414
1375,1.37144,16.0945,2.9258
1376,1.40085,15.9593,2.96028
1377,1.4183,16.4414,2.91857
1378,1.40858,16.6748,2.9636
1379,1.38733,16.3048,2.85307
1380,1.40915,16.6242,2.98011
1381,1.40101,16.3718,2.94255
1382,1.40925,16.3484,2.90623
1383,1.41547,16.3479,3.00485
1384,1.40745,16.4545,2.91294
1385,1.41591,16.5187,2.95016
1386,1.40152,16.8073,3.00817
1387,1.35851,16.0618,2.99796
1388,1.40824,16.5226,2.91802
1389,1.41538,16.2939,2.9406
1390,1.36609,15.9064,2.94002
1391,1.37289,16.7286,2.99464
1392,1.42199,16.5361,2.95819
1393,1.46796,16.4879,2.93169
1394,1.36487,16.1537,2.99514
1395,1.41564,16.7677,2.99852
1396,1.40017,16.282,2.92833
1397,1.40034,16.5006,2.91367
1398,1.40181,16.2924,2.99443
1399,1.40772,16.5446,2.95184
1400,1.42242,16.7595,3.01734
1401,1.41028,16.4848,3.05465
1402,1.40787,16.3961,2.94294
1403,1.38009,15.9431,2.90588
1404,1.40727,16.4181,2.9301
1405,1.40778,16.8074,3.00123
1406,1.4153,16.5972,3.03084
1407,1.37185,16.6166,2.97598
1408,1.41585,16.6824,3.02409
1409,1.40961,16.585,2.96768
1410,1.35962,16.4935,2.86656
1411,1.4218,16.514,2.94266
1412,1.41521,16.6971,2.98008
1413,1.40713,16.7117,2.93083
1414,1.40091,15.9226,2.88676
1415,1.38589,16.6788,3.00831
1416,1.41469,16.6198,2.99623
1417,1.4079,16.4806,3.01159
1418,1.40043,16.5206,2.84587
1419,1.45448,16.7658,2.98966
1420,1.36553,16.4534,2.9232
1421,1.40232,16.1458,2.89066
1422,1.38599,16.958,3.02812
1423,1.41626,16.4445,2.98149
1424,1.44338,16.6139,2.98942
1425,1.40115,15.9189,2.98087
1426,1.40799,16.5421,2.96613
1427,1.37895,16.6751,2.98141
1428,1.41475,16.8193,2.89786
1429,1.37232,16.0781,3.01811
1430,1.42425,16.5399,2.95726
1431,1.40858,16.4267,2.98351
1432,1.40083,16.3961,2.9427
1433,1.42974,16.7671,2.94271
1434,1.43011,16.7573,3.0228
1435,1.42271,16.6715,2.98971
1436,1.40995,16.5043,2.94204
1437,1.41057,16.5346,2.95118
1438,1.40024,16.4433,2.98667
1439,1.41682,16.5468,2.94788
1440,1.41436,16.7502,3.03789
1441,1.41702,16.4617,2.96303
1442,1.40705,16.4597,2.94948
1443,1.40903,17.0227,4.28382
1444,1.46906,16.505,3.39475
1445,1.41673,16.877,3.13433
1446,1.4229,16.7275,3.07067
1447,1.37248,16.7479,3.04814
1448,1.41379,16.1971,2.9095
1449,1.50079,16.6546,3.03997
1450,1.38683,16.7474,3.01253
1451,1.40748,16.9033,3.05466
1452,1.41476,16.1361,3.03685
1453,1.3693,16.6026,3.03002
1454,1.42251,16.5992,2.99092
1455,1.41499,16.4809,2.97139
1456,1.40771,16.8063,3.03775
1457,1.40179,16.2334,3.01832
1458,1.41535,16.7585,2.94682
1459,1.40763,16.3153,2.95335
1460,1.41622,16.6377,2.99841
1461,1.40739,16.5272,3.02353
1462,1.40833,16.6297,2.98701
1463,1.40098,16.8735,2.99137
1464,1.4091,16.7558,2.97206
1465,1.41508,16.8792,3.0211
1466,1.41557,16.6393,2.96633
1467,1.40767,16.6233,2.9113
1468,1.39341,17.0486,3.02957
1469,1.37917,16.1129,2.99389
1470,1.41507,16.6562,2.98047
1471,1.42325,16.8837,2.99439
1472,1.41448,16.8785,2.97687
1473,1.40038,16.0225,2.89888
1474,1.40767,16.2248,2.97004
1475,1.4155,16.3725,2.98716
1476,1.41454,16.9015,2.94857
1477,1.41458,16.6299,3.01322
1478,1.42195,16.9276,3.03405
1479,1.42287,16.6158,2.98552
1480,1.41482,16.2148,3.0172
1481,1.41408,16.8252,3.03765
1482,1.41545,16.6501,2.97073
1483,1.41494,16.4376,2.96618
1484,1.37187,16.7782,2.99281
1485,1.42983,16.799,3.05731
1486,1.3995,16.6647,2.9889
1487,1.41522,16.4755,2.98722
1488,1.40037,16.1163,2.9206
1489,1.4239,16.8949,3.08523
1490,1.38088,16.5403,2.96634
1491,1.40735,16.6327,2.9452
1492,1.41795,16.5752,2.96984
1493,1.40898,16.5516,3.02016
1494,1.40013,16.881,3.04196
1495,1.40765,16.5239,2.96081
1496,1.40692,16.6176,3.04097
1497,1.4073,16.6599,2.96211
1498,1.41414,16.8706,2.9839
1499,1.37926,16.7574,3.0467
1500,1.42362,16.5542,2.95827
1501,1.41645,16.593,3.04057
1502,1.40742,16.863,2.99966
1503,1.40878,16.2375,2.98172
1504,1.40784,16.5745,3.05283
1505,1.41726,17.0182,2.96937
1506,1.40771,16.6572,3.03625
1507,1.40079,16.7589,3.09465
1508,1.42249,16.7444,2.98642
1509,1.40144,16.7775,3.05348
1510,1.37834,16.62,2.91792
1511,1.40816,16.8105,2.98516
1512,1.41656,16.7631,3.02235
1513,1.40749,16.1887,2.99975
1514,1.37145,16.6605,3.04491
1515,1.38127,16.6159,2.93677
1516,1.40914,16.6284,3.02801
1517,1.42292,16.6789,2.98979
1518,1.37227,16.8904,2.96815
1519,1.39966,16.2084,3.16946
1520,1.37262,16.8444,2.97093
1521,1.38563,16.6477,3.07609
1522,1.39992,16.257,3.02837
1523,1.42184,17.1409,3.05805
1524,1.41283,16.9096,3.03935
1525,1.41503,17.0142,3.05662
1526,1.41474,16.9877,3.04924
1527,1.41339,17.0607,3.05681
1528,1.40742,16.5506,2.98501
1529,1.41004,16.672,3.02469
1530,1.42584,16.8344,2.99162
1531,1.41473,16.9921,3.01324
1532,1.41499,16.5108,3.0011
1533,1.40775,16.8068,3.05897
1534,1.40737,16.6737,3.01665
1535,1.41511,16.9386,3.01469
1536,1.42422,16.899,2.98271
1537,1.40056,16.281,2.97778
1538,1.38589,16.4725,3.04956
1539,1.37987,16.5986,3.02935
1540,1.41573,17.0055,3.02237
1541,1.42684,17.0199,3.01594
1542,1.42262,16.9367,3.00951
1543,1.40033,16.8528,2.93335
1544,1.38656,17.1777,3.05513
1545,1.40032,17.038,3.02905
1546,1.40642,16.5775,2.97753
1547,1.40933,16.6874,3.02407
1548,1.4153,17.0991,3.04046
1549,1.42265,16.9614,3.09516
1550,1.38649,16.7695,3.00012
1551,1.40855,16.8475,3.01945
1552,1.40838,16.5226,3.01295
1553,1.42923,16.1237,2.90654
1554,1.41459,16.825,2.99261
1555,1.39986,16.7547,3.01854
1556,1.42195,16.5538,2.98033
1557,1.37899,16.9356,3.06376
1558,1.37526,16.7156,3.02663
1559,1.42342,16.7111,2.95807
1560,1.43029,16.8431,3.04073
1561,1.42202,17.0563,3.05623
1562,1.41543,16.5364,3.04955
1563,1.4097,16.7301,3.03951
1564,1.4303,16.9248,3.01218
1565,1.36492,16.8784,2.95742
1566,1.37117,16.113,3.03317
1567,1.41134,16.6418,2.96537
1568,1.40845,16.7126,2.96108
1569,1.40786,17.2244,3.07871
1570,1.41627,17.07,3.03338
1571,1.40837,16.7026,3.00357
1572,1.38723,16.5511,3.00207
1573,1.41409,17.1623,3.0205
1574,1.40693,16.9773,3.046
1575,1.38833,16.9393,3.14104
1576,1.37506,17.0937,2.98165
1577,1.43037,16.7098,2.99079
1578,1.41647,16.9945,3.00875
1579,1.41495,17.1254,3.07573
1580,1.40824,16.977,3.05696
1581,1.40672,16.5124,2.94316
1582,1.4216,17.0722,3.05963
1583,1.42443,17.0347,3.01344
1584,1.41462,16.9312,3.07048
1585,1.40804,16.9296,3.05125
1586,1.4087,17.0936,3.00164
1587,1.40244,16.2584,2.95364
1588,1.40621,17.0533,3.0582
1589,1.42205,17.0621,3.02447
1590,1.40691,16.8484,3.06106
1591,1.40789,17.1922,3.05851
1592,1.41483,16.9012,2.98043
1593,1.41487,16.9912,3.00802
1594,1.36468,17.4616,3.07591
1595,1.40014,17.1581,3.11184
1596,1.3786,17.0392,3.11894
1597,1.39253,16.8655,3.00439
1598,1.39987,16.6098,3.04162
1599,1.38976,16.7849,3.02372
1600,1.43811,17.2987,3.10334
1601,1.41477,17.0772,3.04761
1602,1.40897,17.0487,3.08349
1603,1.40062,16.8905,3.02712
1604,1.41509,16.9384,3.04457
1605,1.42249,17.2117,3.04819
1606,1.41496,16.9951,3.09522
1607,1.41429,17.3948,3.1079
1608,1.43034,16.4821,3.03801
1609,2.25711,17.1714,3.03908
1610,1.37334,16.7003,3.19687
1611,1.40874,17.1137,3.00669
1612,1.4214,16.8879,3.06956
1613,1.38594,16.8895,2.99483
1614,1.40754,17.3661,3.06443
1615,1.38554,17.2159,3.04791
1616,1.39413,16.6792,3.01414
1617,1.38088,17.1708,3.08188
1618,1.42302,17.0759,3.09447
1619,1.41444,16.3459,3.01616
1620,1.39959,16.6722,3.05764
1621,1.40814,16.7265,3.0762
1622,1.43074,16.8016,3.11638
1623,1.44533,16.9383,3.16207
1624,1.40696,17.0173,3.02758
1625,1.3649,16.9338,3.08468
1626,1.40684,16.8622,3.05312
1627,1.40759,16.9911,3.01887
1628,1.41489,16.4379,2.96371
1629,1.40012,16.5656,3.02171
1630,1.37863,17.2465,3.01392
1631,1.39991,16.7031,3.01569
1632,1.38609,17.078,3.01797
1633,1.42231,17.3319,3.10493
1634,1.40919,16.6988,3.01678
1635,1.41716,17.0949,3.05929
1636,1.42351,17.5695,3.07617
1637,1.37203,17.534,3.02959
1638,1.38662,17.0641,3.05719
1639,1.40609,16.8167,3.03691
1640,1.42924,16.4451,2.95563
1641,1.42167,17.1599,3.01151
1642,1.41611,17.1641,3.13098
1643,1.37471,17.1614,3.01923
1644,1.43315,17.1924,3.10242
1645,1.39139,16.7837,3.08667
1646,1.3743,16.8905,3.07104
1647,1.42217,16.8722,3.10962
1648,1.40777,16.9069,3.04491
1649,1.40284,17.1324,3.07829
1650,1.40686,16.844,3.09134
1651,1.37153,16.4641,3.0834
1652,1.38569,17.2781,3.07399
1653,1.41155,16.7568,3.11054
1654,1.40028,17.1195,2.97772
1655,1.39954,16.5459,3.09647
1656,1.42237,17.0848,3.01039
1657,1.4228,17.3661,3.09204
1658,1.42362,16.6437,3.05059
1659,1.42276,17.3845,3.11422
1660,1.40698,16.9463,3.10236
1661,1.40722,17.1408,3.06336
1662,1.41793,16.7905,3.11462
1663,1.40188,16.8117,3.03461
1664,1.41573,16.7555,3.01721
1665,1.37241,16.8051,3.02959
1666,1.38882,17.3292,3.03161
1667,1.42214,17.1014,3.09455
1668,1.40181,17.0454,3.02591
1669,1.40353,17.0143,3.03373
1670,1.42518,17.1837,3.08929
1671,1.38839,16.9587,3.00644
1672,1.37844,16.9796,3.0328
1673,1.42429,17.3886,3.10944
1674,1.41648,17.1054,3.09504
1675,1.4507,17.0772,3.1116
1676,1.37936,17.282,5.29542
1677,1.43254,17.0765,3.08647
1678,1.40754,16.8983,3.04268
1679,1.42839,17.2061,3.13702
1680,1.40869,17.104,3.0752
1681,1.41625,16.8427,3.10723
1682,1.40097,17.3065,3.04315
1683,1.417,17.2166,3.1477
1684,1.41752,17.1045,3.08007
1685,1.38582,17.1464,3.12381
1686,1.38616,17.0693,3.09208
1687,1.39954,17.1094,3.09929
1688,1.42213,16.3782,2.99949
1689,1.4075,16.8634,3.12661
1690,1.4156,17.118,3.05312
1691,1.38653,17.1865,3.07013
1692,1.41557,17.2608,3.05814
1693,1.41067,16.6635,2.97474
1694,1.41652,17.1554,3.06043
1695,1.43136,17.2489,3.0896
1696,1.44948,17.102,3.15627
1697,1.40811,16.8384,3.03317
1698,1.41907,17.0702,3.07545
1699,1.40916,16.5771,3.00218
1700,1.4146,17.0704,3.05832
1701,1.39969,16.9559,3.05025
1702,1.438,16.8972,3.04557
1703,1.35836,16.9379,3.12239
1704,1.40705,17.0167,3.03862
1705,1.40747,17.1199,3.00384
1706,1.41521,17.1659,3.06833
1707,1.37834,16.9947,2.98157
1708,1.37839,17.0394,3.05955
1709,1.38719,17.261,3.11383
1710,1.42427,17.1126,3.01578
1711,1.42411,16.911,3.09964
1712,1.4068,16.929,3.06601
1713,1.42293,16.7747,3.00274
1714,1.40697,16.7219,3.10809
1715,1.40261,17.0046,3.13058
1716,1.41203,17.1038,3.07455
1717,1.39983,17.3751,3.11059
1718,1.40895,16.8967,3.02599
1719,1.3649,16.4071,3.05067
1720,1.39262,17.1181,3.0921
1721,1.42318,17.0453,3.08497
1722,1.41444,16.7215,3.10966
1723,1.45361,17.086,3.14575
1724,1.37245,16.9171,3.13822
1725,1.40761,16.8445,3.1325
1726,1.42847,17.0961,3.11747
1727,1.41434,16.5711,3.14673
1728,1.41523,17.4315,3.07968
1729,1.42286,16.9446,3.02258
1730,1.38533,16.7653,3.09225
1731,1.40842,17.0961,3.12098
1732,1.39955,17.0163,3.07759
1733,1.38833,17.1618,3.08917
1734,1.42188,17.0728,3.07934
1735,1.38247,17.0925,3.14584
1736,1.402,17.2412,3.09091
1737,1.42197,17.0127,3.06373
1738,1.37839,16.7466,3.03034
1739,1.41977,17.2431,3.14747
1740,1.41725,16.9344,3.11134
1741,1.40711,17.1907,3.06329
1742,1.42335,17.2048,3.13847
1743,1.41576,16.7236,3.06975
1744,1.40018,17.1114,3.13685
1745,1.4084,17.3182,3.14511
1746,1.41605,17.2775,3.12527
1747,1.41599,17.1821,3.09211
1748,1.45601,17.1562,3.03262
1749,1.41606,17.0855,3.17985
1750,1.42312,17.0963,3.07519
1751,1.37059,17.3073,3.14333
1752,1.41701,17.2819,3.18058
1753,1.422,17.143,3.0995
1754,1.38499,16.645,3.07556
1755,1.42365,17.501,3.12831
1756,1.37071,17.3418,3.1369
1757,1.41549,17.0112,3.11364
1758,1.416,16.861,3.00576
1759,1.38628,17.0193,3.16494
1760,1.36629,17.1102,3.07366
1761,1.4079,16.9329,3.0612
1762,1.37963,17.3753,3.09158
1763,1.47684,17.2655,3.11598
1764,1.40858,17.2152,3.1011
1765,1.38863,17.0673,3.12295
1766,1.41153,17.229,3.16819
1767,1.45437,17.0008,3.16268
1768,1.38497,16.7703,3.10587
1769,1.40719,17.0763,3.06868
1770,1.41576,17.231,3.07131
1771,1.4069,17.1211,3.10051
1772,1.40981,17.1988,3.07043
1773,1.36469,16.7433,3.16049
1774,1.41543,16.8601,3.09434
1775,1.41547,17.1885,3.13798
1776,1.41615,17.0934,3.17049
1777,1.41812,17.2603,3.26334
1778,1.37912,16.755,3.11903
1779,1.41514,17.1596,3.13738
1780,1.37453,17.0886,3.14954
1781,1.41484,16.7343,3.10807
1782,1.42381,17.1098,3.08045
1783,1.40774,16.5319,3.026
1784,1.39977,17.2012,3.09043
1785,1.42279,17.471,3.14982
1786,1.37193,17.0664,3.07677
1787,1.38659,17.025,3.08028
1788,1.44968,17.0136,3.08406
1789,1.41549,17.3323,3.08124
1790,1.40232,17.2209,3.19528
1791,1.37671,16.9087,3.08577
1792,1.41037,18.2742,3.09604
1793,1.39046,17.5828,3.19341
1794,1.40889,16.7751,3.12898
1795,1.41715,17.4935,3.17806
1796,1.41371,16.8423,3.06621
1797,1.37312,16.746,3.15435
1798,1.4074,16.972,3.15861
1799,1.42321,17.0982,3.15777
1800,1.40802,16.9661,3.08811
1801,1.38574,17.1213,3.08631
1802,1.40027,16.7593,3.09789
1803,1.43871,17.2885,3.11318
1804,1.42327,17.1201,3.11673
1805,1.4123,17.4159,3.0991
1806,1.4147,17.1191,3.16234
1807,1.40647,16.9271,3.07116
1808,1.43673,17.2836,3.16501
1809,1.44183,17.4434,3.16725
1810,1.40187,16.8742,3.15508
1811,1.42574,17.5705,3.16584
1812,1.3786,17.2631,3.13195
1813,1.40734,16.7559,3.02452
1814,1.42745,17.0236,3.09476
1815,1.42233,17.4501,3.1425
1816,1.41567,17.5131,3.10526
1817,1.41453,17.0125,3.15944
1818,1.40617,16.7004,3.04635
1819,1.41189,17.4794,3.09698
1820,1.372,17.3195,3.15478
1821,1.37971,16.7315,3.09755
1822,1.403,17.1859,3.10215
1823,1.40781,17.1807,3.11323
1824,1.40901,17.2494,3.08894
1825,1.40051,16.7257,3.21634
1826,1.40828,16.932,3.09814
1827,1.40876,17.2815,3.15194
1828,1.41472,17.5339,3.07689
1829,1.40112,17.4077,3.14302
1830,1.3775,17.0906,3.1405
1831,1.38705,18.8515,3.18036
1832,1.4068,17.3335,3.17226
1833,1.42429,16.761,3.112
1834,1.36474,17.0576,3.15413
1835,1.41541,17.1589,3.19676
1836,1.36647,16.8327,3.01746
1837,1.41753,17.142,3.15648
1838,1.37793,16.6255,3.12129
1839,1.43624,16.9819,3.20408
1840,1.43751,17.1905,3.13449
1841,1.42336,17.0927,3.01417
1842,1.40967,17.5046,3.17098
1843,1.40277,16.8825,3.04108
1844,1.38617,16.904,3.24442
1845,1.42356,17.2966,3.1436
1846,1.41755,17.3361,3.20411
1847,1.40746,17.1809,3.09507
1848,1.40945,16.6333,3.08336
1849,1.42288,16.827,3.04549
1850,1.40686,17.4038,3.16543
1851,1.4006,17.0889,3.0609
1852,1.42314,17.0992,3.09885
1853,1.42282,16.9118,3.053
1854,1.41453,17.364,3.22143
1855,1.40059,17.2836,3.18272
1856,1.3795,17.0172,3.08307
1857,1.4149,17.2878,3.13194
1858,1.4016,17.2885,3.08469
1859,1.40269,17.3249,3.04076
1860,1.46624,17.5776,3.11251
1861,1.41838,17.31,3.16973
1862,1.41048,20.2401,3.65299
1863,1.47251,16.6733,3.10107
1864,1.41566,17.0491,3.18311
1865,1.37856,17.2873,3.18334
1866,1.42108,17.4545,3.14005
1867,1.42313,17.6339,3.19381
1868,1.38109,17.459,3.14652
1869,1.38659,17.0934,3.14616
1870,1.3862,16.9292,3.0992
1871,1.39984,17.1492,3.04616
1872,1.40759,17.5532,3.19834
1873,1.40088,17.356,3.12717
1874,1.4601,17.5212,3.11964
1875,1.41811,16.7845,3.05576
1876,1.41368,16.8963,3.13039
1877,1.42237,17.0821,3.0942
1878,1.40178,16.8285,3.24569
1879,1.41492,17.2588,3.15805
1880,1.41504,17.6351,3.16745
1881,1.42275,17.4036,3.15295
1882,1.44936,17.3014,3.16444
1883,1.44624,16.8711,3.08617
1884,1.46951,17.2779,3.1717
1885,1.44192,17.2044,3.16219
1886,1.37713,16.8922,3.19687
1887,1.41396,17.3487,3.11641
1888,1.40018,17.3121,3.2166
1889,1.37903,17.1244,3.16313
1890,1.36597,17.2621,3.21484
1891,1.40117,16.9692,3.15753
1892,1.41456,17.1652,3.15525
1893,1.37837,17.1038,3.10861
1894,1.41662,17.1683,3.1644
1895,1.38696,17.2924,3.09113
1896,1.37826,17.2392,3.02685
1897,1.41447,17.2919,3.09756
1898,1.40732,17.397,3.15202
1899,1.4001,17.2856,3.14604
1900,1.44073,17.3608,3.08334
1901,1.41037,17.6357,3.19745
1902,1.42791,17.4733,3.16722
1903,1.40708,17.4712,3.22694
1904,1.42839,17.2189,3.05687
1905,1.4062,17.3729,3.0997
1906,1.4145,16.8693,3.16031
1907,1.42443,17.1579,3.1947
1908,1.40709,17.4029,3.15485
1909,1.43058,17.0147,3.04912
1910,1.38551,17.083,3.22009
1911,1.41398,17.3171,3.1723
1912,1.4074,16.6958,3.09213
1913,1.39234,17.2244,3.18357
1914,1.4175,17.2804,3.18156
1915,1.40785,17.1682,3.22753
1916,1.43375,17.1563,3.11607
1917,1.37857,16.9081,3.07046
1918,1.38495,17.6759,3.16235
1919,1.42911,17.3149,3.15976
1920,1.40735,17.6706,3.20699
1921,1.41481,17.7534,3.216
1922,1.42705,17.0001,3.20588
1923,1.41019,17.0792,3.10729
1924,1.40459,17.2397,3.11514
1925,1.40744,17.1842,3.18682
1926,1.37903,17.2504,3.13022
1927,1.42531,17.4707,3.12042
1928,1.45035,17.2471,3.19462
1929,1.41754,16.832,3.0591
1930,1.42921,17.284,3.09628
1931,1.41454,17.4404,3.15661
1932,1.42171,17.153,3.1329
1933,1.47503,17.5534,3.18882
1934,1.41269,16.9466,3.15333
1935,1.42204,17.1423,3.20375
1936,1.37623,17.1338,3.13405
1937,1.47571,17.295,3.16242
1938,1.36448,17.2404,3.14004
1939,1.45516,17.5038,3.17836
1940,2.00418,17.3225,3.13901
1941,1.41494,17.1943,3.22276
1942,1.41531,17.3273,3.13493
1943,1.44954,16.6847,3.13399
1944,1.40137,17.2934,3.109
1945,1.46821,17.4701,3.26252
1946,1.3807,17.4835,3.21625
1947,1.37604,17.3455,3.19859
1948,1.42056,17.4503,3.14355
1949,1.40703,17.6857,3.12586
1950,1.41548,17.152,3.17558
1951,1.43763,17.3476,3.15587
1952,1.4221,17.2926,3.2088
1953,1.38584,17.3199,3.09677
1954,1.43467,17.2453,3.12147
1955,1.36529,17.2915,3.14547
1956,1.38581,17.2193,3.18982
1957,1.42509,17.0497,3.1674
1958,1.40744,17.3096,3.0985
1959,1.40236,17.3624,3.19826
1960,1.41445,17.1274,3.18549
1961,1.43004,17.562,3.13626
1962,1.41,17.7609,3.22706
1963,1.38596,17.4691,3.23278
1964,1.40213,17.2319,3.16296
1965,1.37871,16.8781,3.19183
1966,1.41948,17.4431,3.14097
1967,1.36555,17.6253,3.21361
1968,1.39928,17.2894,3.11119
1969,1.4149,16.6755,3.05636
1970,1.36455,17.5818,3.13093
1971,1.38617,17.6343,3.14149
1972,1.38538,17.4152,3.16719
1973,1.39998,17.1659,3.16517
1974,1.37857,17.4761,3.2116
1975,1.3969,17.4946,3.13197
1976,1.426,17.2752,3.13329
1977,1.41399,16.8653,3.21245
1978,1.38051,17.7185,3.21937
1979,1.38703,17.3997,3.29816
1980,1.40754,17.1357,3.18314
1981,1.3872,17.6007,3.22816
1982,1.40124,17.2909,3.19442
1983,1.40558,17.0139,3.09154
1984,1.43356,17.5339,3.14042
1985,1.4621,17.0685,3.1919
1986,1.37545,17.2564,3.10265
1987,1.4025,17.4508,3.12074
1988,1.39263,17.6744,3.10522
1989,1.40422,17.4197,3.28727
1990,1.43955,17.7399,3.20829
1991,1.41468,17.5149,3.11488
1992,1.43975,17.6019,3.23167
1993,1.40667,17.6064,3.22
1994,1.43345,17.4213,3.29014
1995,1.38536,17.6564,3.09844
1996,1.3739,17.4526,3.19585
1997,1.40394,17.5704,3.15153
1998,1.40841,17.2625,3.08993
1999,1.37881,17.5123,3.24612
2000,1.42447,17.3241,3.13835
2001,1.37161,17.246,3.14793
2002,1.4174,17.2936,3.19545
2003,1.41677,17.5798,3.24202
2004,1.45601,17.2194,3.15018
2005,1.45578,17.8062,3.18609
2006,1.45023,17.5975,3.18826
2007,1.40732,17.1363,3.14498
2008,1.39976,17.2509,3.16842
2009,1.42814,17.5088,3.13311
2010,1.39225,17.744,3.17081
2011,1.41994,17.557,3.2177
2012,1.42177,17.1193,3.20835
2013,1.39995,17.2716,3.20236
2014,1.36749,16.7255,3.13071
2015,1.40735,17.3339,3.23321
2016,1.40983,17.3967,3.1158
2017,1.40084,17.1699,3.12581
2018,1.43746,17.7619,3.10353
2019,1.38555,16.9317,3.18991
2020,1.41727,17.4614,3.13887
2021,1.45765,17.6027,3.2668
2022,1.40873,17.662,3.16457
2023,1.38573,17.4922,3.14768
2024,1.45306,16.7525,3.16566
2025,1.41515,17.144,3.10431
2026,1.41469,16.9517,3.17047
2027,1.40914,17.4975,3.31476
2028,1.40739,17.6916,3.38383
2029,1.41471,18.3467,3.22902
2030,1.41425,17.3362,3.14297
2031,1.4289,17.2978,3.1831
2032,1.41706,17.4437,3.13382
2033,1.4781,18.2798,3.27584
2034,1.43341,18.4036,3.29206
2035,1.44649,18.3978,3.31535
2036,1.45013,17.9108,3.28592
2037,1.40714,18.2858,3.28044
2038,1.4632,17.9878,3.36682
2039,1.45226,17.727,3.24955
2040,1.42268,18.1111,3.32637
2041,1.41652,18.149,3.27908
2042,1.40851,18.5378,3.21858
2043,1.44789,17.3662,3.3214
2044,1.47448,17.7993,3.24104
2045,1.45947,18.3687,3.30877
2046,1.40792,17.8528,3.22279
2047,1.49363,17.245,3.20711
2048,1.45277,17.8397,3.36729
2560,1.45644,18.8103,3.39103
3072,1.43699,18.6323,3.54043
3584,1.44067,18.374,3.56255
4096,1.47969,18.3843,3.61646
4608,1.45801,19.0359,3.74659
5120,1.4534,19.2556,3.82964
5632,1.45562,19.2244,3.70556
6144,1.45346,19.9218,3.89515
6656,1.45955,19.1372,3.74401
7168,1.43024,19.2206,3.88323
7680,1.40756,18.663,3.92259
8192,1.3974,18.8076,3.8812
8704,1.45892,18.6127,3.85089
9216,1.44251,18.6855,4.02195
9728,1.39492,18.9541,3.82184
10240,1.4516,19.1977,4.06929
10752,1.43295,18.7006,3.94995
11264,1.41856,19.004,4.09657
11776,1.43364,19.1071,3.99039
12288,1.4487,18.6791,4.01995
12800,1.40853,18.8214,3.98656
13312,1.44245,19.2563,4.01194
13824,1.44465,18.992,4.08978
14336,1.42335,19.1521,4.02877
14848,1.43208,19.1272,3.9324
15360,1.44491,19.317,4.0453
15872,1.41203,19.0519,4.2719
16384,1.4466,18.6276,4.10999
16896,1.43496,19.2758,4.17069
17408,1.42561,19.1895,4.0929
17920,1.429,19.1703,4.03215
18432,1.4231,19.13,4.09667
18944,1.4364,19.1521,4.03864
19456,1.43151,19.0593,4.14192
19968,1.43832,19.0607,4.30584
20480,1.43582,19.0609,4.07815
20992,1.43899,18.8202,4.29033
21504,1.43736,19.1147,4.34568
22016,1.42094,18.9913,4.32953
22528,1.45798,19.0689,4.32208
23040,1.44007,18.9729,4.0304
23552,1.44974,19.1963,4.3202
24064,1.4442,19.2274,4.41284
24576,1.43645,19.1585,4.31995
25088,1.44797,19.1854,4.34504
25600,1.42861,19.2483,4.39381
26112,1.43094,19.3365,4.64658
26624,1.44893,19.2771,4.41316
27136,1.49598,20.0036,4.59624
27648,1.49931,19.7049,4.42955
28160,1.45712,19.5806,4.53296
28672,1.45672,19.3853,4.50568
29184,1.44874,19.7363,4.45278
29696,1.43159,19.5449,4.36897
30208,1.45478,19.4979,4.43748
30720,1.4427,19.528,4.42435
31232,1.44349,19.3926,4.5144
31744,1.43106,19.6277,4.4439
32256,1.47883,19.4075,4.50388
32768,1.44185,19.7077,4.96943
37888,1.4372,20.0551,5.23247
43008,1.45789,20.29,5.06335
48128,1.44291,22.5188,6.32023
53248,1.44713,24.0435,6.93074
58368,1.51685,26.2032,10.6564
63488,1.46063,30.8063,9.73882
68608,1.43906,34.6381,10.6822
73728,1.51107,37.278,11.9145
78848,1.50123,44.996,13.4837
83968,1.52576,48.4951,14.4753
89088,1.49825,54.4673,15.3372
94208,1.48848,60.69,15.9885
99328,1.4976,65.2143,16.6745
104448,1.47988,68.1058,17.2
109568,1.48388,71.1245,17.2855
114688,1.48692,74.0399,17.7502
119808,1.48677,75.947,18.103
124928,1.48686,78.005,18.1569
130048,1.49013,79.1686,21.0426
135168,1.51767,81.1262,18.7418
140288,1.54405,82.2391,18.9264
145408,1.52936,82.6808,19.1829
150528,1.51541,83.8754,19.3882
